"ID","Online meetings attended"
"1","3"
"2","3"
"3","11"
"4","6"
"5","6"
"6","6"
"7","0"
"8","18"
"9","1"
"10","8"
"11","12"
"12","0"
"13","10"
"14","5"
"15","2"
"16","7"
"17","5"
"18","1"
"19","3"
"20","1"
"21","0"
"22","10"
"23","3"
"24","6"
"25","0"
"26","5"
"27","7"
"28","13"
"29","4"
"30","1"
"31","5"
"32","0"
"33","0"
"34","1"
"35","4"
"36","9"
"37","3"
"38","0"
"39","5"
"40","3"
"41","1"
"42","13"
"43","4"
"44","3"
"45","10"
"46","0"
"47","5"
"48","13"
"49","1"
"50","3"
"51","6"
"52","4"
"53","7"
"54","3"
"55","3"
"56","0"
"57","9"
"58","14"
"59","1"
"60","4"
"61","1"
"62","16"
"63","0"
"64","16"
"65","6"
"66","4"
"67","0"
"68","10"
"69","8"
"70","0"
"71","3"
"72","7"
"73","4"
"74","6"
"75","12"
"76","6"
"77","5"
"78","0"
"79","0"
"80","0"
"81","0"
"82","5"
"83","7"
"84","1"
"85","12"
"86","3"
"87","0"
"88","5"
"89","4"
"90","4"
"91","0"
"92","3"
"93","1"
"94","0"
"95","9"
"96","2"
"97","4"
"98","0"
"99","5"
"100","13"
"101","8"
"102","0"
"103","3"
"104","2"
"105","3"
"106","4"
"107","12"
"108","2"
"109","2"
"110","1"
